Z,SCF,CCSD,A_SCF,A_CCSD,B_SCF,B_CCSD
1.5, -19087.21167396, -19088.14555395, -19012.51200,   -19013.17863,   -74.85920120,   -75.03694110
1.6, -19087.28895836, -19088.21149358,  0.0000000,      0.0000000,     0.00000000,     0.00000000
1.7, -19087.33394454, -19088.24446427,  0.0000000,      0.0000000,     0.00000000,     0.00000000
1.8, -19087.35797512, -19088.25816054,  0.0000000,      0.0000000,     0.00000000,     0.00000000
1.9, -19087.36849697, -19088.26082519,  0.0000000,      0.0000000,     0.00000000,     0.00000000
2.0, -19087.37039219, -19088.25688431,  0.0000000,      0.0000000,     0.00000000,     0.00000000
2.1, -19087.36687616, -19088.24964352,  0.0000000,      0.0000000,     0.00000000,     0.00000000
2.2, -19087.36006705, -19088.24091150,  0.0000000,      0.0000000,     0.00000000,     0.00000000

