z,UC,MDFSTU,CRENBL,SBKJC,LANL2,ccECP,AE
1.200000,-0.049232,-0.050053,-0.053048,-0.048642,-0.056690,-0.051170,-0.051987
1.300000,-0.090622,-0.091349,-0.093781,-0.090329,-0.097311,-0.092107,-0.092788
1.400000,-0.110502,-0.111116,-0.113060,-0.110426,-0.116359,-0.111592,-0.112165
1.500000,-0.116992,-0.117513,-0.119038,-0.117084,-0.122026,-0.117773,-0.118293
1.600000,-0.115302,-0.115716,-0.116887,-0.115486,-0.119518,-0.115816,-0.116320
1.700000,-0.108742,-0.109057,-0.109930,-0.108977,-0.112186,-0.109042,-0.109543
1.800000,-0.099482,-0.099708,-0.100335,-0.099737,-0.102215,-0.099615,-0.100102
1.900000,-0.088932,-0.089080,-0.089502,-0.089184,-0.091024,-0.088936,-0.089395
2.000000,-0.078002,-0.078089,-0.078344,-0.078245,-0.079535,-0.077916,-0.078336
