Z,SCF,CCSD,A_SCF,A_CCSD,B_SCF,B_CCSD
1.4,-119.4350860,-120.3825133,-103.9251262,-104.5501707,-15.68718916,-15.86568094
1.5,-119.5284469,-120.4830679
1.6,-119.5673523,-120.5301559
1.7,-119.5728351,-120.5447958
1.8,-119.5588744,-120.5407127
1.9,-119.5345819,-120.5266583
