Z,SCF,CCSD,A_SCF,A_CCSD,B_SCF,B_CCSD
1.4,-119.5274016,-120.4507745,-103.9686219,-104.5826964,-15.68718916,-15.86568094
1.5,-119.6238173,-120.5546056
1.6,-119.6650083,-120.6033257
1.7,-119.6727082,-120.6182350
1.8,-119.6616083,-120.6128977
1.9,-119.6420459,-120.5953329
