Z,SCF,CCSD,A_SCF,A_CCSD,B_SCF,B_CCSD
1.985,-142.2171068,-143.2006679,-126.4983948,-127.2604877,-15.68811773,-15.86703857
1.935,-142.2162265,-143.2036323
1.885,-142.2136519,-143.2057326
1.835,-142.2090027,-143.2066821
1.785,-142.2018393,-143.2060790
1.735,-142.1916608,-143.2033817
1.685,-142.1779055,-143.1978347
1.635,-142.1599501,-143.1884566
1.585,-142.1371044,-143.1740078
1.535,-142.1086107,-143.1529874
1.485,-142.0737005,-143.1235361
