   Z,SCF,CCSD,A_SCF,A_CCSD,B_SCF,B_CCSD
   1.5,   -18487.92724,   -18491.43446, -18413.16835,   -18416.28258,   -74.85626514,   -75.09176573 
   1.6,   -18487.96780,   -18491.48111
   1.7,   -18487.97792,   -18491.49668
   1.8,   -18487.97124,   -18491.49502
   1.9,   -18487.95622,   -18491.48504
   2.0,   -18487.93838,   -18491.47290
                                                  
