Z,SCF,CCSD,A_SCF,A_CCSD,B_SCF,B_CCSD
1.4,-17901.60755,-17902.49255,-17826.93750,-17827.49830,-74.85949385,-75.03665265
1.5,-17901.70420,-17902.59685
1.6,-17901.74589,-17902.64676
1.7,-17901.75410,-17902.66371
1.8,-17901.74303,-17902.66164
1.9,-17901.72189,-17902.64948

