         SCF,CCSD
   -5042.840828,   -5044.546291
   -5042.837059,   -5044.557332
   -5042.837153,   -5044.511787
   -5042.760372,   -5044.425702
   -5042.604114,   -5044.234369
   -5042.515462,   -5044.119168
   -5041.960692,   -5043.518830
   -5040.815644,   -5042.311407
   -5039.120012,   -5040.559464
   -5036.876885,   -5038.253768
   -5014.631522,   -5015.841296
   -4985.781813,   -4986.822865
   -4948.277158,   -4949.205971
