Z,SCF,CCSD,A_SCF,A_CCSD,B_SCF,B_CCSD
1.985,-142.3291025,-143.3044361,-126.6091322,-127.3641207,-15.68718916,-15.86568094
1.935,-142.3281728,-143.3073916
1.885,-142.3255389,-143.3094861
1.835,-142.3208187,-143.3104250
1.785,-142.3135700,-143.3098095
1.735,-142.3032896,-143.3070913
1.685,-142.2894135,-143.3015099
1.635,-142.2713183,-143.2920758
1.585,-142.2483175,-143.2775461
1.535,-142.2196633,-143.2564162
1.485,-142.1846171,-143.2268406
