Z,SCF,CCSD,A_SCF,A_CCSD,B_SCF,B_CCSD
1.3,-5.73310832,-5.84461938,-5.29842233,-5.37203489,-0.49982987,-0.49982987
1.4,-5.78649751,-5.89813172
1.5,-5.81861329,-5.93050049
1.6,-5.83626028,-5.94854340
1.7,-5.84411146,-5.95695219
1.8,-5.84535694,-5.95894171
1.9,-5.84217577,-5.95671408
2.0,-5.83606477,-5.95178658
2.1,-5.82806125,-5.94521342
2.2,-5.81889020,-5.93773618
