        SCF,CCSD
   -126.32298170,   -127.07393854
   -126.31577794,   -127.08488401
   -126.31583775,   -127.04091394
   -126.23680150,   -126.95774918
   -126.08357725,   -126.76567659
   -125.99271707,   -126.65353329
   -125.43910427,   -126.05571872
   -124.29354835,   -124.85534224
   -122.59843273,   -123.11225124
   -120.36031290,   -120.81899600
    -98.14128902,    -98.45981899
    -69.42115275,    -69.58328164
    -32.15106282,    -32.22232143

