          SCF,CCSD
   -21534.84774,   -21534.91449
   -21534.83728,   -21534.94045
   -21534.49713,   -21534.68206
   -21534.54491,   -21534.59869
   -21534.31401,   -21534.33318
   -21533.98300,   -21534.02406
   -21533.69367,   -21533.70457
   -21533.58165,   -21533.65957
   -21533.43385,   -21533.47085
   -21533.13866,   -21533.16706
   -21532.78623,   -21532.79084
   -21531.57285,   -21531.57285
   -21531.09702,   -21531.09702
   -21530.58826,   -21530.58826
   -21530.45091,   -21530.45091
