Z,SCF,CCSD,A_SCF,A_CCSD,B_SCF,B_CCSD
1.679,-127.5911080,-128.3685264,-127.0328638,-127.7851513,-0.49982987,-0.49982987
1.629,-127.5915089,-128.3714584
1.579,-127.5910079,-128.3735713
1.529,-127.5894232,-128.3746097
1.479,-127.5865272,-128.3742648
1.429,-127.5820253,-128.3721421
1.379,-127.5755264,-128.3677542
1.329,-127.5665104,-128.3605160
1.279,-127.5542934,-128.3496873
1.229,-127.5379882,-128.3343409
1.179,-127.5164540,-128.3133052
