Z,SCF,CCSD,A_SCF,A_CCSD,B_SCF,B_CCSD
1.4,-17901.60755,-17905.09535,-17826.93750,-17830.04119,-74.85949385,-75.09181489
1.5,-17901.70420,-17905.19821,
1.6,-17901.74589,-17905.24706,
1.7,-17901.75410,-17905.26319,
1.8,-17901.74303,-17905.26042,
1.9,-17901.72189,-17905.24759,


