Z,SCF,CCSD,A_SCF,A_CCSD,B_SCF,B_CCSD
1.4,-5.68616987,-5.81788148,-5.26564163,-5.33917088,-0.49982987,-0.49982987
1.5,-5.72133054,-5.85353229,,,,
1.6,-5.74141962,-5.87420833,,,,
1.7,-5.75109436,-5.88459164,,,,
1.8,-5.75362267,-5.88797597,,,,
1.9,-5.75129544,-5.88667583,,,,
2.0,-5.74571951,-5.88231676,,,,
2.1,-5.73802386,-5.87604186,,,,
2.2,-5.72900332,-5.86865787,,,,

