Z,SCF,CCSD,A_SCF,A_CCSD,B_SCF,B_CCSD
1.679,-5043.399398,-5044.949771,-5042.840828,-5044.366379,-0.49982785,-0.49982785
1.629,-5043.399779,-5044.952733,
1.579,-5043.399258,-5044.954867,
1.529,-5043.397653,-5044.955919,
1.479,-5043.394735,-5044.955572,
1.429,-5043.390208,-5044.953430,
1.379,-5043.383676,-5044.949012,
1.329,-5043.374612,-5044.941725,
1.279,-5043.362325,-5044.930830,
1.229,-5043.345917,-5044.915398,
1.179,-5043.324235,-5044.894247,

