Z,SCF,CCSD,A_SCF,A_CCSD,B_SCF,B_CCSD
1.985,-142.2297356,-143.2066111,-126.5122043,-127.2680021,-15.68718916,-15.86568094
1.935,-142.2288651,-143.2095794
1.885,-142.2263026,-143.2116853
1.835,-142.2216680,-143.2126345
1.785,-142.2145219,-143.2120290
1.735,-142.2043627,-143.2093244
1.685,-142.1906273,-143.2037625
1.635,-142.1726903,-143.1943650
1.585,-142.1498597,-143.1798974
1.535,-142.1213764,-143.1588593
1.485,-142.0864696,-143.1294026
