SCF,CCSD
-17826.93495,-17830.04122
-17826.93137,-17830.03131
-17826.83796,-17829.96567
-17826.67869,-17829.71578
-17826.65016,-17829.70343
-17826.93726,-17830.09930
-17826.07740,-17829.06961
-17825.06695,-17828.00679
-17823.61492,-17826.49634
-17821.46747,-17824.32101
-17818.80391,-17821.62454
-17815.56015,-17818.35011
-17811.71201,-17814.47240
-17809.83912,-17812.65666
-17807.28029,-17810.00590
-17752.03009,-17754.46371
-17824.62750,-17827.54012
-17825.72853,-17828.66838
